ID,Parents,Name FR
5d77c9c2c138b10015197407, #Tech #TechnologicalPlateform #Platform #ProgressiveWebApp,Application web progressive
5e7904bfa2596f0015d42fd4, #WingzyRole,Board member
5e790165a2596f0015d42fd2, #Hidden,Rôles
5e7a0568a2596f0015d43050, #FrenchCompanies,Amazon
5e7a0565a2596f0015d4304f, #FrenchCompanies,Sogeti
5e7904bfa2596f0015d42fd5, #WingzyRole,Full-time
5e7904bfa2596f0015d42fd7, #WingzyRole,Cofondateur
5e7a0561a2596f0015d4304e, #FrenchCompanies,Match Com
5e7904bfa2596f0015d42fd6, #WingzyRole,Stagiaire
5e79059ca2596f0015d42fd9, #FrenchCompanies,Groupe ADP
5e7a051fa2596f0015d4304c, #WingzyRole,Full dev
5f1e95d9cb960400156dad8b, #Brand-andMarketing #ProductLeadGrowth #ProductDesign #ProgressiveWebApp,Gamification
5f1e9604cb960400156dad8c, #FrenchCompanies,Ubisoft
5f1e960dcb960400156dad8d, #FrenchCompanies,Asobo Studio
60af8b881f381600322628ac, #WingzyRole,Actionnaire
60af8d701f381600322628ae, #WingzyRole,Prestataire
60af8e5a1f381600322628b0, #WingzyRole,Apporteur d'affaires
60b102fdc91669002e154f68, #WingzyRole,Investisseur
60b7532bb8e42a002e5320b7, #Sales26688,Cannaux de ventes
60b7536ab8e42a002e5320b8, #FrenchCompanies,Aveva
60b7597cb8e42a002e5320df, #WingzyRole,Avocat
60b759adb8e42a002e5320e8, #WingzyRole,CEO
6117b956356cfc002e6ff187,,Brand & Marketing
6117c0fe356cfc002e6ff19c, #Hidden,Équipe
611e2a0f356cfc002e6ff615, #FrenchCompanies,Rotarex
611e2a25356cfc002e6ff617, #FrenchCompanies,Vestas
611e2a2f356cfc002e6ff619, #FrenchCompanies,Air Products
611e2a33356cfc002e6ff61b, #FrenchCompanies,Arquus
611e2a3a356cfc002e6ff61d, #FrenchCompanies,Soframe
6135e6fe502488002e20d162,,Tech
613607d7502488002e20db25, #FrenchCompanies,Ask for the moon
613a271d1bd6bd002ea4c3e0, #Outils,Microsoft Azure
613a27321bd6bd002ea4c409, #FrenchCompanies,Leroy Merlin
613a27381bd6bd002ea4c432, #FrenchCompanies,Adéo
613f57f3989047003203fe08, #WingzyRole,Alumni
6148b508323b31002e84e37a, #Ia,Filtrage collaboratif
6148b53f323b31002e84e46c, #DataAnalysis,Data Set
6151ddc2d95e7b002e1bd993, #FrenchCompanies,Psa Peugeot Citroen
6151ddc7d95e7b002e1bd9bb, #FrenchCompanies,Stellantis
6151ddecd95e7b002e1bd9e9, #FrenchCompanies,CGI
6151de14d95e7b002e1bda25, #Outils,Figma
615a33c83b0844002fe3d67f, #WingzyRole,DAF
615a33d03b0844002fe3d6a4, #WingzyRole,Mentor
615a34a53b0844002fe3d8c7, #FrenchCompanies,IBM
615a34ba3b0844002fe3d918, #FrenchCompanies,Equinix
615a34db3b0844002fe3d976, #FrenchCompanies,Digital Reality
615a34e83b0844002fe3d99e, #FrenchCompanies,Vertiv
615a34f63b0844002fe3d9c6, #FrenchCompanies,Rittal
615a35043b0844002fe3d9f7, #FrenchCompanies,Daher
615ef0a43b0844002fe507e2, #SoftwareDevelopment,Visual Studio Code
615ef0e23b0844002fe507f0, #IT,Windows
61698cbf604a9e002ed6e2e1, #Administrative #Facture #Rib,Comptabilité
6171807c41ee3e002e8e98fe, #Administrative #Sales26688,Facturation
61c2fe31361a3f00333c23cc, #Fonctionnalite,Notification
61c30046361a3f00333c2a40, #Deploiement #CommunityPlatform #MethodologicalPlatform #Platform,Ontologie
61f7db0de129df002f2acee8, #Organization,Agenda
61f7ffbce129df002f2b10bc, #WingzyRole,CTO
61f90eb4e129df002f2d1018, #WingzyRole,Marketing Manager
61f94b08e129df002f2dc6f4, #Hidden,Outils
61fba543e129df002f343222, #Outils,Notion
6203f11de129df002f4a7a9d, #Operations86854,Déploiement
6204df6de129df002f4d0868, #Logistic,Supply chain
6204dfc5e129df002f4d0a26,,Opérations
620516d5e129df002f4dbda4, #Appadmin #DataVisualization #DataAnalysis #Operations86854 #Brand-andMarketing,Dashboard
620516e3e129df002f4dbea5, #FrenchCompanies #Closed,Framatome
6206c0af29f134002fcbe55b, #IT #TechnologicalPlateform,IA
6206dbe1be09f310a84915ea, #Logistic #Administrative,Administratif
6206dc15be09f310a8493560, #Hobbies,Piano
6206dc32be09f310a849472a, #Langues,Arabe
6206dcacbe09f310a849912c, #Skills,Autonomie
6206dcd9be09f310a849abf0, #Hobbies,Dessiner
6206dd19be09f310a849d199, #TopManagement,Intelligence Collective
6206dd44be09f310a849e9f8, #Brand-andMarketing #Communication #Charte-editoriale #Administrative,Rédaction
6206de2abe09f310a84a59a3, #Hobbies,Tennis
6206de4ebe09f310a84a6ecb, #Hobbies,Bière
6206de81be09f310a84a8b65, #Skills,Écoute
6206debfbe09f310a84aadf2, #Langues,Allemand
6206decebe09f310a84ab6d2, #Hobbies,Football
6206dedfbe09f310a84ac0e9, #Hobbies,Cuisine
6206defabe09f310a84acf4e, #Hobbies,Voyages
6206df1bbe09f310a84ae06a, #Langues,Espagnol
6206df3dbe09f310a84af393, #Langues,Anglais
6206dfa3be09f310a84b2fbd, #Skills,Parler en public
6206dfc5be09f310a84b42c7, #Software,Photoshop
6206dfd8be09f310a84b4deb, #Sales26688,Prospection commerciale
6206dffebe09f310a84b6378, #Design #Brand-andMarketing #WingzyRole #TechnologicalPlateform,Design
6206e02dbe09f310a84b7cbd, #Excel #Software #BI,Excel
6206e0e4be09f310a84bdd23, #TopManagement,Gestion d'équipe
6206e1babe09f310a84c3d50, #Skills,Business Development
6206e1d8be09f310a84c497e, #Skills,Curiosité
6206e267be09f310a84c8e14, #Communication #Brand #Brand-andMarketing,Communication
6206e364be09f310a84ced07, #Hobbies,Cinéma
6206e380be09f310a84cfa8c, #Sales26688 #Brand-andMarketing,Événementiel
6206e3bebe09f310a84d1873, #Brand-andMarketing,Montage Vidéo
6206e452be09f310a84d5a37, #Logistic #Administrative,Budgets
6206e478be09f310a84d6d85, #Hobbies,Sport
6206e490be09f310a84d7948, #Administrative #Skills,Organisation
6206e4f8be09f310a84da6ad, #Langues,Portugais
6206e55dbe09f310a84dd665, #Hobbies,Jeux Vidéo
6206e592be09f310a84df0c8, #ProgrammingLanguages #IT,HTML CSS
6206e5a0be09f310a84df8da, #Sport,Badminton
6206e5d4be09f310a84e1409, #Skills,Ingéniosité
6206e607be09f310a84e28b3, #Hobbies,Volleyball
6206e60cbe09f310a84e2b29, #TopManagement,Mentorat
6206e625be09f310a84e3797, #Skills,Adaptabilité
6206e6e8be09f310a84e8f99, #Hobbies,Jeux De Stratégie
6206e70bbe09f310a84ea0d5, #ProgrammingLanguages #IT,Javascript
6206e763be09f310a84ece2c, #Brand-andMarketing #Communication,Relations Presse
6206e866be09f310a84f3453, #Skills,Sociologie
6206e8a9be09f310a84f5363, #Design #IT,Web Design
6206e8f5be09f310a84f73ff, #Langues,Français
6206e93fbe09f310a84f98f3, #Software #Brand-andMarketing,PowerPoint
6206e974be09f310a84fb342, #Software,Google Docs
6206ea4cbe09f310a8502794,,Gestion de projet
6206eabebe09f310a8506488, #BI,Analyse De Data
6206ead1be09f310a8506e55, #Management51831,Méthodes Agiles
6206eb0abe09f310a8508c18, #Brand-andMarketing,Web Marketing
6206eb16be09f310a8509202, #Brand-andMarketing,Content Marketing
6206eb4cbe09f310a850ad42, #Brand-andMarketing,Email Marketing
6206eb74be09f310a850c071, #Hobbies,Rugby
6206eb7bbe09f310a850c3cf, #TopManagement #WingzyRole,Stratégie
6206eb83be09f310a850c73f, #ProgrammingLanguages #IT,Python
6206eb9dbe09f310a850d56d, #Design #IT,Design Produit
6206eba5be09f310a850d97e, #ProgrammingLanguages #IT,Java
6206ebbcbe09f310a850e534, #Hidden,Compétences
6206eeb7be09f310a8531cf1, #Hobbies,Cinéma Engagé
6206eef3be09f310a85338f7, #Sport,Course À Pied
6206f005be09f310a85399d0, #Sales26688 #Brand-andMarketing,Marketing de réseau
6206f0fdbe09f310a8541921, #Management51831,Entreprise Libérée
6206f104be09f310a8541c68, #Hobbies,Musique
6206f10ebe09f310a854210d, #Hobbies,Astronomie
6206f155be09f310a8544220, #WingzyRole,Freelance
6206f15bbe09f310a85444d4, #Administrative,Gestion des contrats
6206f1bcbe09f310a8547546, #Management51831,Organisation Agile
6206f239be09f310a854b2db, #Skills,Psychologie
6206f248be09f310a854b857, #TechnologicalPlateform,OAuth
6206f253be09f310a854bd07, #TopManagement,Réinventer Les Organisations
6206f26cbe09f310a854c7f8, #IT,Data Centres
6206f274be09f310a854cbf5, #ProgrammingLanguages #IT,NodeJs
6206f30cbe09f310a8551412, #Skills,Esprit d'équipe
6206f320be09f310a8551dbd, #Brand-andMarketing,Transformation Numérique
6206f339be09f310a85528e6, #Sales26688 #TopManagement #Strategie34086,Stratégies commerciales
6206f34abe09f310a855322a, #ProgrammingLanguages #IT,ReactJs
6206f360be09f310a8553c8d, #TopManagement #Mentoring #Strategie34086,Management du Changement
6206f379be09f310a855480b, #Brand-andMarketing,Marketing Digital
6206f383be09f310a8554cd4, #Sales26688,Design Thinking
6206f3ccbe09f310a8557155,,Logistique
6206f414be09f310a8559cd3, #Tech,Support Technique
6206f508be09f310a85640b4, #Hidden,Loisirs
62070731be09f310a85caa56, #Outils,Logiciels
620714cabe09f310a86095be,,Pays
6207150fbe09f310a860ce1c, #Skills,Langages Informatique
620715d7be09f310a861414e, #Tech,IT
62071a7ebe09f310a862b6bb, #SupplyChain,Achats
62071b90be09f310a8631587, #Skills #MarketStudies,Business Intelligence
62073985be09f310a8675bf9,,Vente
62073d26be09f310a867d647, #WingzyRole,Top Management
62074af8be09f310a869e207, #ProgrammingLanguages #IT,SQL
62074d5abe09f310a86a8de3, #Brand-andMarketing,Marque employeur
62074e16be09f310a86ac182, #IT,Développement logiciels
62074eadbe09f310a86aec8c, #Brand-andMarketing,Publicité
6207506dbe09f310a86b605d, #Skills,Gourmand·e
62075083be09f310a86b675f, #Skills,Observation critique
620750f2be09f310a86b82a0, #BI #Sales26688 #Brand-andMarketing,Etudes de marché
620751fdbe09f310a86bbac0, #Brand-andMarketing,Automation Marketing
620752fabe09f310a86c0fd5, #Hidden,Caché
62076101be09f310a86e284e, #RessourcesHumaines,Direction RH
620771a1be09f310a8733486, #Organization,Transport
620771aabe09f310a8733817, #Design #MethodologicalPlatform,Design de Service
620771aebe09f310a87338e0, #Sales26688,Avant-Vente
620771d5be09f310a873425e, #IT #SoftwareDevelopment,Run (IT)
620771d6be09f310a873429a, #IT #SoftwareDevelopment,Livraison (IT)
620771debe09f310a87344ec,,Consommation grand public
620771e9be09f310a8734983, #Operations86854 #AmeliorationContinue #RituelsEtProcessus,Conception des process
6207720cbe09f310a87350f3, #IT #SoftwareDevelopment,Build (IT)
62077210be09f310a87351c1, #IT #SoftwareDevelopment,Devops
62077236be09f310a8735c00, #Hobbies,Divertissement and Médias
62077254be09f310a873657b, #TransportIndustry #Deplacements,Transport ferroviaire
62077256be09f310a8736658, #FrenchCompanies,Orange S.A.
62077259be09f310a8736702, #FrenchCompanies,Société Générale
62077265be09f310a8736abb, #FrenchCompanies,La Poste
62077266be09f310a8736b42, #FrenchCompanies,Électricité de France
62077288be09f310a87373bd, #FrenchCompanies,Renault
6207728cbe09f310a87374af, #FrenchCompanies,Groupe BPCE
6207729bbe09f310a8737908, #FrenchCompanies,Auchan
620772a5be09f310a8737bbc, #FrenchCompanies,Danone
620772a6be09f310a8737beb, #FrenchCompanies,AXA
620772a9be09f310a8737cf6, #FrenchCompanies,Crédit Agricole
620772c2be09f310a87383e6, #PsaPeugeotCitroen #FrenchCompanies,Peugeot
620772c2be09f310a8738415, #FrenchCompanies,Veolia
620772c5be09f310a87384b6, #FrenchCompanies,Christian Dior
620772c6be09f310a87384e5, #FrenchCompanies,Schneider Electric
620772d7be09f310a87389ab, #FrenchCompanies,BNP Paribas
620772dbbe09f310a8738ae6, #FrenchCompanies,Engie
620772dfbe09f310a8738be7, #FrenchCompanies,Air Liquide
620772e1be09f310a8738c87, #FrenchCompanies,Global Switch
620772e4be09f310a8738d64, #Hobbies,Plongée
620772fbbe09f310a873912c, #Brand-andMarketing,Marque
6207741fbe09f310a873b182, #WingzyRole,Coach
620a53160e56b7002f78444a, #Outils,Google Sheet
620b82ec0e56b7002f7ec85e, #Skills,Mode
620bd7e10e56b7002f80e919,,Institutions
620d19636bc195002fad39d2, #Operations86854,Utilisation
620fc10ba85b54002f99f968, #FrenchCompanies #Closed,Vinci
620fc118a85b54002f99fa1a, #FrenchCompanies,Alstom
620fc124a85b54002f99facc, #FrenchCompanies,Keolis
620fc12ea85b54002f99fc1a, #FrenchCompanies,CEC
620fc13ba85b54002f99fccf, #FrenchCompanies,RATP
620fc153a85b54002f99fdac, #FrenchCompanies,Total S. A.
620fc157a85b54002f99fe5a, #FrenchCompanies,SNCF
620fc170a85b54002f9a004c, #FrenchCompanies,LaPoste
620fc178a85b54002f9a00fb, #FrenchCompanies,Michelin
620fc180a85b54002f9a01aa, #FrenchCompanies,Carrefour
620fc199a85b54002f9a03cd, #FrenchCompanies,Sanofi
620fc1a4a85b54002f9a0491, #FrenchCompanies,L'Oréal
620fc1b9a85b54002f9a0576, #FrenchCompanies,Credit Agricole
620fc1c3a85b54002f9a0634, #FrenchCompanies,Air France
620fc1e2a85b54002f9a07aa, #FrenchCompanies,Saint Gobain
620fc1f7a85b54002f9a0a03, #FrenchCompanies,Bouygues
620fc21ba85b54002f9a0cd8, #FrenchCompanies,Ericsson
620fc252a85b54002f9a0f9d, #FrenchCompanies,Eiffage
620fc25da85b54002f9a104b, #FrenchCompanies,Benetton
621357cfa85b54002fac037e, #WebMarketing #Crm,Hubspot
621f459090411b002f28ad99, #Operations86854,Amélioration continue
6230ad544f19cf002e702e8e, #FrenchCompanies,I-Expo 
623ae4c081e89d002ed1ccab, #Outils,Github
623ae4d181e89d002ed1cd03, #SoftwareDevelopment,Pull Request
623ae4d581e89d002ed1cd42, #Tech,Revue de code
6244771668d5a40032a9aa81, #Fonctionnalite #Mail #Integration,Intégration mail
624c5070ed6522002ea8b4fd, #TechnologicalPlateform #Cybersecurite,Droits d'accès
624c9e7eed6522002ea8d641, #FrenchCompanies,Airbus
624c9e83ed6522002ea8d6a5, #FrenchCompanies,Thales
624c9e89ed6522002ea8d709, #FrenchCompanies,Safran
624c9e99ed6522002ea8d76d, #FrenchCompanies,Nexter
624c9eb1ed6522002ea8d834, #FrenchCompanies,Ministère des armées 
624c9ebded6522002ea8d8a9, #FrenchCompanies,Ministère de l’intérieur 
624c9ec8ed6522002ea8d914, #FrenchCompanies,Navalgroup
624c9edced6522002ea8d99f, #FrenchCompanies,Quarkslab
624c9ef4ed6522002ea8da41, #FrenchCompanies #Airbus61693,Airbus helicopters
624c9efeed6522002ea8dacb, #FrenchCompanies #Airbus61693,Airbus Defence
624c9f19ed6522002ea8db40, #FrenchCompanies #Thales,Thales Avionics 
624c9f3ded6522002ea8dbfc, #FrenchCompanies,LIEBHERR 
624c9f78ed6522002ea8dce0, #FrenchCompanies #Renault,Renaud trucks defense
624c9f9fed6522002ea8dd5b, #FrenchCompanies,LVMH
624c9fdeed6522002ea8de36, #FrenchCompanies,Accenture
624c9ff2ed6522002ea8deb0, #FrenchCompanies,Cap gemini
624c9ffeed6522002ea8df16, #FrenchCompanies,Dassault
624ca021ed6522002ea8e06e, #FrenchCompanies,Essilor
624ca071ed6522002ea8e16c, #FrenchCompanies,STmicroelectronics
624d3c1fba6056002e0f9ae8, #FrenchCompanies,SOGECLAIR 
624d3c25ba6056002e0f9b66, #FrenchCompanies,Ariane Group
624d3c32ba6056002e0f9bea, #FrenchCompanies,PROMETHEE
624d3c3fba6056002e0f9c9b, #FrenchCompanies #Thales,Thales Alenia Space 
624d3c66ba6056002e0f9d8c, #FrenchCompanies,MBDA
624d3c78ba6056002e0f9e55, #FrenchCompanies,TARMAC AEROSAVE 
624d3c7cba6056002e0f9ed4, #FrenchCompanies,Ouvry
624d3c9cba6056002e0f9fdf, #FrenchCompanies,AEROSPACE VALLEY
624d3cabba6056002e0fa067, #FrenchCompanies,OUVRY
624d3cb9ba6056002e0fa116, #FrenchCompanies,VERNEY CARON
624d3ccdba6056002e0fa19f, #FrenchCompanies,AIRSEAS
624d3cd6ba6056002e0fa22c, #FrenchCompanies,APSYS
624d3cdeba6056002e0fa2c1, #FrenchCompanies,ARQUUS
624d3cebba6056002e0fa33e, #FrenchCompanies,CEA
624d3cf9ba6056002e0fa3c7, #FrenchCompanies,Cluster E CLIDE
624d3d00ba6056002e0fa440, #FrenchCompanies,DAHER
624d3d18ba6056002e0fa4dc, #FrenchCompanies,GICAT
624d3d26ba6056002e0fa581, #FrenchCompanies,HELISIM
624d3d4eba6056002e0fa6fc, #Vinci,CEGELEC DEFENSE
624d3db4ba6056002e0fa7d9, #FrenchCompanies,PIERRE FABRE
624d3dc1ba6056002e0fa84f, #FrenchCompanies,BOEING
624d3dcbba6056002e0fa8e2, #FrenchCompanies,ROLLS ROYCE
624d3ddaba6056002e0fa94f, #FrenchCompanies,SPHEREA
624d3df7ba6056002e0faa39, #FrenchCompanies,COLLINS AEROSPACE
624d3e03ba6056002e0faab8, #FrenchCompanies,AKKA
624d3e0bba6056002e0fab48, #FrenchCompanies,Rotcshild 
624d3e1fba6056002e0fac0d, #BouyguesByTech #FrenchCompanies,Bouygues Construction
624d3e2cba6056002e0fac8a, #FrenchCompanies,CNES
624dbb80ba6056002e10b18d, #Ia,NLP
624dc7e9ba6056002e10bf6d, #Sales26688 #SalesProspecting #Communication #Brand-andMarketing,Pitch Commercial
6250042c9ed52f002eb515c7, #Outils,Dovetail
62557831dc3179002e56e7b8, #Skills,Sûreté nucléaire
6255783cdc3179002e56e7eb, #Securite #Cybersecurite,Confidentialité
62557c1adc3179002e56ee5c, #Integration,Active directory
62557c1fdc3179002e56ee99, #Outils,SIRH
62557c26dc3179002e56eecf, #WingzyRole,DSI
6255cac6dc3179002e575157, #Sales26688,Répondre aux objections
6257ea94dc3179002e5896e5, #Communication #Design #WebDesign #ProductDesign #Brand-andMarketing,Charte graphique
62592902dc3179002e59640c, #Brand #Communication #Writing #Charte-editoriale,SMR
625e7b2fadb857002e818193, #TechnologicalPlateform,Sécurité
625e8c7fadb857002e8196f0, #Securite,Cybersécurité
625ed97cadb857002e81fc84, #KnowledgeManagement37459,Knowledge Lifecycle
62611a6d9ec2d6002e077c8f, #Outils,LogRocket
626120e19ec2d6002e078e7b, #Ia,Model
6261aeef9ec2d6002e09b365, #Sales26688,Upsell
6261b0d59ec2d6002e09bca8, #Operations86854,Customer success
62624b7e9ec2d6002e0c17e6, #Brand,Site vitrine
626ff7c1a9d87c002e604379, #Fonctionnalite,Filtre
626ff804a9d87c002e60476c, #WingzyRole,Superadmin
627137f0a9d87c002e654f25, #Outils,Navigateur
62713808a9d87c002e65508b, #Navigateur,Chrome
6271380ca9d87c002e6550ce, #Navigateur,Firefox
62713918a9d87c002e655cd9, #Navigateur,Safari
62714b9ba9d87c002e6ab995, #Platform,Fonctionnalité
627248f3a9d87c002ebb87da, #Fonctionnalite #ProgressiveWebApp,Question vidéo
62729ccc61dc4e002fdaaaf8, #Langues,Zoulou
62729cde61dc4e002fdaab64, #Skills,Langues
6278ea12eb2287002f0a0e01, #Tech #Platform,Roadmap
6278ebaeeb2287002f0a1808, #WingzyRole,Experts
6278ed48eb2287002f0a2003, #Management51831 #Skills,Formation
62790f49eb2287002f0ad44c, #AccountMapping #CommunityPlatform #Utilisateurs,Catalyseurs
627bcd08eb2287002f141ed8, #Hidden,Extra
627bd0a5eb2287002f142cb4, #Hidden,Entreprises
627cfefb73dfbc0033feeff3, #Tradeshow,Global Industrie
627d1dcd73dfbc00330037b9, #WingzyRole #PersonaVente #PersonaMarketing #PersonaUtilisateur,Knowledge Management
627d1de573dfbc0033003874, #FrenchCompanies,Secteur de l'Energie
627d1ded73dfbc00330038fc, #Skills,Geosciences
627d1dfc73dfbc00330039bc, #ContentMarketing,Content Management
627d1e6673dfbc0033003dc4, #TotalSa #FrenchCompanies,TotalEnergies
627d1e9f73dfbc0033004417, #FrenchCompanies,Societe du grand paris
627d1eab73dfbc00330044b9, #FrenchCompanies,Storengy
627d1ec173dfbc0033004559, #FrenchCompanies,Terega
627d1ede73dfbc0033004712, #FrenchCompanies,SLN Eramet
627d1ef473dfbc00330047ac, #FrenchCompanies,Imerys
627d1f0c73dfbc0033004861, #FrenchCompanies,Orano
627d1f1773dfbc003300492d, #FrenchCompanies,Vermilion
627d1f4d73dfbc0033004c19, #Sport #Hobbies,Surf
627d1fe473dfbc0033004feb, #Skills,Géologie
6282b0cc73dfbc0033134487, #Sales26688,CRM
628ba40d73dfbc00332fd47a, #FrenchCompanies,EDF
628ce86973dfbc0033336d3d, #Teams #Integration #Platform,Intégration Teams
628ce86e73dfbc0033336d85, #Outils #FrenchCompanies,Teams
628e27ae73dfbc0033380bde, #Fonctionnalite #Platform,Validation
628e2cfa73dfbc0033383560, #Outils #FrenchCompanies,Slack
628e2d0873dfbc0033383624, #Slack #Integration #Platform,Intégration Slack
629dd56790856c00370c693b, #Langues,Russe
629f465290856c003712651e, #Platform #ProgressiveWebApp,UX design
629f46c490856c00371267f8, #FrenchCompanies,ACOVA
62a0bed390856c003718aada, #Communication,Communication interne
62a7065ba10f7b003761c495, #Fonctionnalite #ProgressiveWebApp,Jauge de pertinence
62a743efa10f7b003762ab10, #Hidden,Question posée par mail
62a76626a10f7b0037639ba9, #UxDesign #TechnologicalPlateform #Communication,Image
62a8b37edc411100379f0e01, #FrenchCompanies,Microsoft Store
62a8b39fdc411100379f0fac, #MicrosoftStore #FrenchCompanies,Microsoft Partner Center
62aae9dbc02c8f0037aafadf, #Hobbies,Jeux de role
62b1c8cba75b3d0037a9015f, #Outils,Zapier
62b2d86ca75b3d0037ac5284, #EmployerBrand,Welcome to the Jungle
62b9c961ad511d0037ad6598, #Hobbies,Golf
62bc4797ab0ea800374f7ed0, #Skills,Conception Pédagogique
62bc47b7ab0ea800374f8027, #FrenchCompanies,TikTok
62bc4842ab0ea800374f9318, #Skills,Théorie des organisations
62c2d48dab0ea8003755cd73, #WingzyRole,Ingénieur projet
62c2d563ab0ea8003755d6a2, #Hobbies,Planche à voile
62c2d566ab0ea8003755d71a,,Santé
62c2d577ab0ea8003755d75c, #Hobbies,Guitare
62c2d5efab0ea8003755db48, #Sport,Ski
62c2d7b2ab0ea8003755ea81, #Organization,Horaires
62c2d7c7ab0ea8003755eb1c, #Sales26688 #PreSales,Relation client
62c46ba0ab0ea80037577a83, #TunnelDeVente,MQL
62cfc17f669fad003714b449, #Figma #UxDesign #ProductDesign #ResponsiveDesign,Prototypes Figma
62cfc1e0669fad003714b5a2, #UxDesign #WebDesign,Interfaces
62cfc20b669fad003714b6cb, #UxDesign #ProductDesign,Évolutions UX Design
62d6dd52669fad003735228f, #Outils,Stonly
62d6ddf3669fad003735988f, #Outils,SendinBlue
62d7bd4f669fad0037395c0c, #Deploiement #Sales26688,POC/V
62d7cc57669fad003739f9c7, #Hobbies #ContentMarketing,Ecrire
62dabbb3d586eb00375a3788, #Cybersecurite #Securite,Compliance
62e05491d586eb003771c619, #Management51831,Entreprise apprenante
62e10385d586eb003774d09b, #WingzyRole,Qualité
62e1120cd586eb0037750f2b, #Deploiement,Lancement
62e160392b1b05003797b0f5, #Administrative #Facture #Procurement,RIB
62e79dd80182200037b6b53c, #TechnologicalPlateform,Algorithmes
62ea48470182200037c2fbf1, #Vinci,Cegelec CEM
62f113320de9ad0037534ede, #Dsi,Ordinateur
62f126060de9ad00375363ba, #Brand #Communication #Design,Charte éditoriale
62f20f170de9ad0037576b20, #Hobbies,Astrologie
62f3d3f0e04b41004a6694de, #Interfaces,Navigation
62f5f6c2366965004a1b0a68, #Outils #IT,Mail
62fd1bcfef1b24004e435c67, #Investisseur,Levée de fonds
62fd1cadef1b24004e436041, #ConcoursStartUp,Appel à manifestation d'intérêt
62fd1cb8ef1b24004e4360bc, #Brand-andMarketing,Concours Start-up
6306289c1a2b1f004ae7d52f, #CharteGraphique #ProductDesign,Couleurs
63072fbf907055004a3d3193, #Dovetail #ContentMarketing #Ontologie #Platform #UxDesign,Recherche Utilisateur
6318bc5dc48f490048271e3e, #DataAnalysis #Export #Import-Export #IT #Keen23909,CSV
631a0a715cd13b004ac4c446, #PreSales #SalesProspecting #Sales26688 #TechnicalSupport,FAQ Clients
631a16685cd13b004ac51583, #ProtectionDesDonnees #Compliance,Reversibilité
631a16775cd13b004ac5164d, #Sales26688 #Operations86854 #Import-Export,Export
631a178e5cd13b004ac52e26, #TechnologicalPlateform,Intégration
631a18ab5cd13b004ac54746, #TechnologicalPlateform #MethodologicalPlatform #Cheminengagementutilisateur,Onboarding
631ee75e4430900042cb6796, #Sales26688,Networking
631eeff54430900042cb9376, #Skills,Statistiques
6321ae570fcc98004a59ab36, #AskForTheMoon #FullStackDeveloper #English #Russe,Discours de Clément
6321ef390fcc98004a5be703, #ProductDesign #Javascript #ReactJs,MobX
632326a019b8f900482e7543, #Operations86854 #Sales26688,REX
632326bd19b8f900482e75b2, #FrenchCompanies,Beaudrey
63232d6a19b8f900482fe6f4, #Organization,Déplacements
63297f19a3511900467d6715, #Outils,Google Slide
632c6de28db1a1004440af12, #Sales26688 #Pricing,Offre de prix
632c6dee8db1a1004440b03f, #Casmetiers,Cas d'usage
632c6e008db1a1004440b168, #Operations86854 #Customersuccess #Deploiement,Industrialisation
632c6e3e8db1a1004440b4be, #AccountManagement,Suivi commercial
632c6e5f8db1a1004440b824, #Sales26688,Management de compte
632c6e658db1a1004440b977, #Sales26688,Acquisition
632c6e6b8db1a1004440bad6, #Sales26688 #PreSales #TunnelDeVente #AccountMapping,Prospect
632c6e798db1a1004440bc79, #TunnelDeVente,Opportunity
632c6e838db1a1004440bdd8, #TunnelDeVente,Closing
632c6e8d8db1a1004440bf36, #TunnelDeVente,Client
632c6e938db1a1004440c061, #Sales26688 #SQL,Démo
632c6eae8db1a1004440c2eb, #SalesNavigator,LinkedIn
632c6eb78db1a1004440c454, #Brand-andMarketing #PreSales #Sales26688 #Closed,Sales Navigator
632c6ee98db1a1004440c607, #Sales26688 #SQL,Rendez-vous
632c6f378db1a1004440cd9e, #Sales26688,Négociation
6331b89925bd46004a678393, #Outils #Tech,mongoDB
6331d01625bd46004a67f5b5, #Sales26688 #PreSales,Tunnel de vente
6332b945f7d3b7004a9edcc9, #FrenchCompanies,RaiseLab
6335519637d3ad0046359496, #Sales26688 #MarketStudies #SalesStrategy #Brand-andMarketing,Pricing
633551a737d3ad0046359577, #Sales26688 #Administrative,CGV
633570f537d3ad004635eb6a, #Tradeshow,Carrefours Excellences
633adfab1e4eab0044eab653, #TopManagement,Gestion de crise
633adfc71e4eab0044eab78b, #Writing34535,Chroniques
633adfdb1e4eab0044eab83c, #EventManagement,Speaker
633adfe51e4eab0044eab89a, #WingzyRole,Administratrice
633adffe1e4eab0044eab972, #WingzyRole,Auteur
633ae08b1e4eab0044eabe2d, #Hobbies,Peinture
633ae4c21e4eab0044eac402, #RituelsEtProcessus,Points critiques
633ae54f1e4eab0044eaffd5, #Accounting,Trésorerie
633ae7b31e4eab0044eb98e8, #RituelsEtProcessus,OKR
633ae9311e4eab0044eba8e7, #UserResearch #Closed #CommunityPlatform,Utilisateurs
633aebd71e4eab0044ebc957, #ChangeManagement #Deploiement,Scale
633aec631e4eab0044ebce42, #Sales26688 #Rex,ROI
633aecc81e4eab0044ebd2a3, #Operations86854 #Deploiement #Customersuccess #Utilisation #LivrablesOps,Guides
633aed531e4eab0044ebd959, #Management #ChangeManagement,Reconnaissance
633aedd61e4eab0044ebdc90, #Fonctionnalite,Question
633b08b81e4eab0044ec1403, #WingzyRole,Ressources Humaines
633c5d531e4eab0044f463d3, #AmeliorationContinue,Processus d'harmonisation
633c5ded1e4eab0044f46b91, #AskForTheMoon #Ceo,Vision
633c7bff1e4eab0044f5a56a, #SiteVitrine,Centre de ressources
633d30261e4eab0044f92cf2, #SoftwareDevelopment,Git des bonnes pratiques
633d36921e4eab0044fa1111, #Brand-andMarketing #Sales26688,Concurrence 
633ea2261e4eab0044026a82, #Cybersecurite,Protection des données
633ee2f81e4eab0044045d35, #TunnelDeVente #Mql,SQL
633ee39b1e4eab0044046576, #Mql #TunnelDeVente,Unaware
633ee3b11e4eab0044046616, #Mql #TunnelDeVente,Problem Aware
633ee3c91e4eab00440466c7, #Mql #TunnelDeVente,Solution Aware
633ee3e01e4eab0044046749, #Mql #TunnelDeVente,Product Aware
633ee89e1e4eab0044047ce3, #AccountManagement,Mapping de compte
633ef2ef1e4eab004404a247, #AccountMapping,Champion
633ef2ef1e4eab004404a250, #AccountMapping,Pilote
633ef2ef1e4eab004404a261, #AccountMapping,Sponsor
633ef2ef1e4eab004404a273, #AccountMapping,Support
633ef2ef1e4eab004404a286, #AccountMapping,Influenceur
633ef2ef1e4eab004404a297, #AccountMapping,Sceptique
633efcbc1e4eab004404d362, #Platform,Plateforme
633efd591e4eab004404d431, #Platform,Plateforme technique
633efd741e4eab004404d47a, #Platform,Plateforme politique
633efdb31e4eab004404d59a, #Platform,Plateforme méthodologique
633efde11e4eab004404d5da, #Platform,Plateforme communautaire
633f09571e4eab004405bee6, #MethodologicalPlatform,Livrables
633f09581e4eab004405beef, #Livrables #Operations86854,Livrables Ops
633f09581e4eab004405bf01, #Livrables #Brand-andMarketing,Livrables Marketing
633f09581e4eab004405bf36, #TechnologicalPlateform,App admin
633f09581e4eab004405bf6d, #CentreDeRessources #SiteVitrine,Histoires utilisateurs
633f09581e4eab004405bf7f, #MethodologicalPlatform #Deploiement,Cas métiers
633f09581e4eab004405bf91, #LivrablesMarketing #CentreDeRessources #Tradeshow #SalesProspecting,One-pager
633f09581e4eab004405bfa3, #LivrablesOps #CentreDeRessources #Histoiresutilisateurs #Operations86854,Microprocess
633f09581e4eab004405bfb5, #TechnologicalPlateform,Tags
633f09581e4eab004405bfd8, #Familles,Liens de Parenté
633f09581e4eab004405bfeb, #Ontologie #LiensdeParente,Parent
633f09581e4eab004405bffd, #Ontologie #LiensdeParente,Enfant
633f09581e4eab004405c00f, #Ontologie #TechnologicalPlateform,Dimensions Ontologiques
633f09581e4eab004405c021, #Ontologie #DimensionsOntologiques,Familles
633f09581e4eab004405c032, #DimensionsOntologiques #ActiviteMetier #Ontologie #TechnologicalPlateform,Famille Royale
633f09581e4eab004405c057, #DimensionsOntologiques #FamilleRoyale,Activité Métier
633f09581e4eab004405c069, #Ontologie #DimensionsOntologiques #ActiviteMetier #Fonctionnalite #TechnologicalPlateform #Appadmin,Étapes d'onboarding
633f09591e4eab004405c0c4, #RituelsEtProcessus #Utilisateurs #UserResearch,Ask for the user
633f09591e4eab004405c0d4, #RituelsEtProcessus #Management,Ask for the mood
633f09591e4eab004405c0e7, #Outils #UxDesign #UserResearch #Deploiement,Chemin d'engagement
633f09591e4eab004405c0f9, #Sales26688 #TunnelDeVente #Fichepersona,Persona Vente
633f09591e4eab004405c10b, #Brand-andMarketing #Fichepersona,Persona Marketing
633f09591e4eab004405c11d, #UserResearch #Fichepersona,Persona Utilisateur
633f09591e4eab004405c12f, #UxDesign #Brand-andMarketing #Outils,Fiche persona
633f09591e4eab004405c141, #Outils #Brand-andMarketing #Platform,Service blueprint
633f09591e4eab004405c153, #Cheminengagement,Chemin d'engagement utilisateur
633f09591e4eab004405c165, #Cheminengagement,Chemin d'engagement catalyseur
633f09591e4eab004405c177, #TunnelDeVente #PreSales #Sales26688 #Hubspot,Sales Funnel
633f09591e4eab004405c189, #TunnelDeVente #Brand-andMarketing #AutomationMarketing #Hubspot,Awareness Funnel
633f09591e4eab004405c19a, #Cheminengagementutilisateur #Cheminengagementambassadeur,Leadership
633f09591e4eab004405c1ad, #Cheminengagementutilisateur #Cheminengagementambassadeur,Engagement
633f09591e4eab004405c1bf, #Cheminengagementutilisateur #Cheminengagementambassadeur,Embarquement
633f09591e4eab004405c1d0, #Cheminengagementutilisateur #Cheminengagementambassadeur,Découverte
633f09591e4eab004405c227, #Utilisateurs #UserResearch #Cheminengagementutilisateur,Power user
633f09591e4eab004405c23d, #Fonctionnalite #ProgressiveWebApp,Tag Owner
633f095a1e4eab004405c249, #SalesStrategy #Strategie34086,Product Lead Growth
6340361798f11f004a8905b5, #EventManagement,Salons
63455e8f23c1490046e36453, #AmeliorationContinue,Rituels et processus
634562a323c1490046e38260, #UxDesign,Design responsif
6345634723c1490046e386ff, #Fonctionnalite #Appadmin,Import / Export
6345713a23c1490046e41252, #RituelsEtProcessus,Pitch party
6345912d23c1490046e5a916, #Confidentialite #Compliance #Cybersecurite #ProtectionDesDonnees #DroitsDacces #Securite #ContractManagement,Accord de confidentialité
63469a6c23c1490046ec96ec, #Langues,Japonnais
6346b4db23c1490046ecc195, #IT #WebDesign,Certificat
6346b4df23c1490046ecc1d3, #Certificat #WebDesign #SoftwareDevelopment,SSL
6346b76c23c1490046ece04d, #ProgrammingLanguages,SalesQL
6346b77c23c1490046ece216, #Outils,Suite office
6346b7a423c1490046ece6cc, #Ia,Algorithme de tri
6346b7af23c1490046ece7cd, #SuiteOffice,Word
6346b7ec23c1490046ece9fa, #Fonctionnalite,Autocomplete
6346b80323c1490046eceb2d, #DataAnalysis #Design #Communication,Data Viz
6346b81e23c1490046ececae, #ProgrammingLanguages,Django
6346b86423c1490046ecef0e, #Ia,Segmentation d'images
6346b87923c1490046ecf795, #Writing34535,Ecriture d'article scientifique
6346b88523c1490046ecf9df, #Airbus61693 #FrenchCompanies,Airbus Atlantic
6346b89723c1490046ecffb7, #FrenchCompanies,GSK
6346b8a223c1490046ed04a3, #Outils,Adobe Lightroom
6346b8a623c1490046ed05a8, #Outils,Adobe XD
6346b8af23c1490046ed06bd, #Vinci #FrenchCompanies,Vinci Energies
6346b8b123c1490046ed0750, #ProgrammingLanguages,PostgreSQL
6346b8be23c1490046ed0c85, #ProgrammingLanguages,Neo4j
6346b8cf23c1490046ed126b, #ProgrammingLanguages,QuickDBD
6346b8d523c1490046ed147b, #Django #ProgrammingLanguages,DjangoRestFramework
6346b8db23c1490046ed1671, #ProgrammingLanguages,jQuery
6346b8ea23c1490046ed196b, #Bouygues75321 #FrenchCompanies,Bouygues ByTech
6346b8eb23c1490046ed19e0, #Sport,Vélo
6346b8f323c1490046ed1ccd, #Music,MAO
6346b91923c1490046ed2577, #FrenchCompanies,Réseau DEF
6346b96323c1490046ed2d08, #FrenchCompanies,Spie Industrie
6346b98923c1490046ed3468, #FrenchCompanies,Eiffage Energie Systèmes
6346b9aa23c1490046ed3c16, #FrenchCompanies,Manpower Group
6346b9b623c1490046ed3e8b, #FrenchCompanies,CDC Habitats
6346b9dc23c1490046ed44c3, #FrenchCompanies #Thales,Thales Aviobook
6346b9f923c1490046ed48e8, #Sncf93609,SNCF Réseau
6346ba1223c1490046ed4d5e, #Sncf93609,SNCF DGEX
6346ba4523c1490046ed518b, #FrenchCompanies,Spie Nucléaire
6346ba5423c1490046ed533d, #TotalEnergies #FrenchCompanies,TotalEnergies OneTech
6346ba6a23c1490046ed54d7, #Sncf93609,SNCF Sferis
6346ba7f23c1490046ed56f8, #FrenchCompanies,AFNOR
6346bab523c1490046ed5bfd, #FrenchCompanies,Automotive Cells Company (ACC)
6346bacf23c1490046ed5d87, #FrenchCompanies,Latécoère
6346bad323c1490046ed5e63, #FrenchCompanies,Boccard
6346baf123c1490046ed60ab, #FrenchCompanies,General Electric Aviation
6346bb4323c1490046ed66f5, #Sport #Hobbies,Yoga
6348359b3534dc0043f39343, #Excel,Formule Excel
634914c23534dc0043f9ef15, #WingzyRole,Alternant
634d13a53534dc0043109d5c, #FullStackDeveloper #Github,MEP
634d23e33534dc00431105da, #Skills,Management
634d4a333534dc00431263f1, #FrenchCompanies,Katie Leede Inc 
634e9ae03534dc00431ba2b8, #DataAnalysis,Keen
63592f022a397e004a1f3eb4, #TechnologicalPlateform #Fonctionnalite #Brand,Marque blanche